user,comment,sentiment,labeler
SHSHOX !,The villain is going to be hard to defeat especially when you cant see him,neutral,idel
Marko T.,Fast Furious 20- Toreto find out that he is his own father...,neutral,idel
syed nazzim,In the post-credit scene Nick fury hires Vin diesel for an avenger.,neutral,idel
Chris,Fast and furious 10: The last ride Fast and furious 11: The final last ride Fast and furious 12: The final last ride - part 2 Fast and furious 13: The new ride,neutral,idel
mr burnik,"Next chapter : Hitler joins the crew its now ""FAST NEIN""",neutral,idel
JaysonCreates,The infinity stones really did bring everyone back,positive,idel
TraceFit By Kundai Murapa,This trailer apparently has Doms brother but i cant see him.,neutral,idel
nachi316,Sir Issac Newton: “How many laws of physics are you gonna defy?” Justin Lin: “Yes”.,neutral,idel
A O,Remember when F&F was about cars and racing... SMH,negative,idel
Josh Juarez,"Dom- ""Family is everything"" Whole movie Tries to kill his brother.",neutral,idel
Ill slap ya mum with an Argos catalogue,Dom: Family is the most important thing in the world Also dom: did I forget to mention my brother these past 20 years.,neutral,idel
samira noor,furious 10 - the resurrection of gisele furious 11 - brian: surprise surprisee,neutral,idel
Dávid Nagy,This is absurd really....still gonna pay for it.,negative,idel
john wick,Han the type of guy to survive even corona virus.,neutral,idel
Arfeen Rahat,Forget the trailerI came here to read comments????,neutral,idel
milan dhara,Doms brother was here since F&F you just...,neutral,idel
IDoNothingButCommentOnVideos,Fast And Furious 10: Doms Hair Is Back To Kill Him,neutral,idel
Benton Xavier,Please tell me thats not a Pontiac Fiero strapped to a rocket engine Two films later...,negative,idel
420BlazeiT 01,Dom being chased by a whole army shooting at him constantly while blowing nukes behind him and going 120mph on a mountain Doms Face: ·___·,neutral,idel
IRHasDiabetes911,"The Fast and the Furious: ""Well be making movies forever!"" Coronavirus: ""You have to be stopped.""",neutral,idel
Cherry Stone,I remember when it was about Street Racing and stealing DVD players lol,neutral,idel
Batuhan Erbil,I mean in 1:30 how did Dom just flied and hit his head to the ceiling I cant understand is this the new Paranormal Activity movie,neutral,idel
Sandu SG,Where is Jason Statham where is Dwayne Johnson? Wtf?,negative,idel
Fidelia Amanda,i wish Paul could survived on an accident car like han does,neutral,idel
Iketani Koichiro,If Paul was still alive he wouldve changed the movies purpose back into cars,neutral,idel
Doctor Sam,Fast 10: Your grandfather Vince Mcmahon is back to kill you Dom. Fast 11: Your uncle HHH is back Dom. Fast 12: Your dad Shawn Michaels is getting his hands on nuclear weapons Dom. Fast 13: Your prom dates brother AJ Styles coming for you Dom,neutral,idel
Neon,When i call my friends and my lil brother call his friends.,neutral,idel
Jetfire97,2:35 rip Hans car,neutral,idel
SILENT D. A.,Sean from Tokyo Drift is in this. Slow the video down and watch when the “rocket strapped to a Pontiac fiaro “clip is playing,neutral,idel
awsome,Fast and the furious 1 - 3 about cars with some background on the characters. 4-9 pure hype trash with basically nothing about cars.,negative,idel
Saurav Samal,Stephen Hawkins just rolled in his grave witnessing the physics here,negative,idel
Jason Gann,Family is everything thats why in the past 8 movies when his life was on the line no one & I mean no one ever mentioned doms brother. ??x100k,negative,idel
virgilio moncada,So now that Han is back can we have a second Tokyo drift? This time with Eurobeat please.,positive,idel
Wreck Pw,Fast 10: Superpowers basically Director: We not gonna stop until this crew beats Galactus with the Avengers,negative,idel
supercar playz,John cena the invisible assassin PLOT TWIST: Hes not their.,neutral,idel
I Slay Goblins,FF6: You dont turn your back on Family even when they do. FF9: Were gonna fight Doms little brother.,neutral,idel
The Fox,i always interested to have a look all those supreme editors.,positive,idel
Hero Nerd,Dom: Im gonna take you down little brother. Jacob: how can you take down what you cant see?,neutral,idel
??????Al laklak,Who is here because its the only movie trailer on trendending in quarentine,neutral,idel
InZomnia365,Tell me youre not thinking what Im thinking. Classic.,negative,idel
tommy d,Best supporting actor: Hans potato chips,neutral,idel
yaniyosun fuat abi,The Rock vs Vin Diesel 2010 John Cena vs Vin Diesel 2020 Megatron vs Vin Diesel 2030 God vs Vin Diesel 2040,negative,idel
David Turashvili,All the closed roads in Tbilisi Georgia last summer seem to be paying off. Compliments the movie :),negative,idel
The Fox,Editors are the master of movie making actually.,positive,idel
Elton Cassar,When this movie comes out its gonna break the Cinema Sins sin counter. The internet is gonna crash.,positive,idel
Maldonado Fitness,Fast and Furious: where no one stays dead and everyone has a secret brother...,neutral,idel
omari woods,I felt like sponge bob floating when I heard feel the love,neutral,idel
tudor patrascu,F&F 10:Dom learns that Letty is his sister,neutral,idel
FBI,Remember When Furious Was About Racing?,negative,idel
Benton Xavier,0:09 Spending time on a farm with the family trying to fix a tractor on retirement but eventually getting dragged back into business cliche,negative,idel
Sam s,Let me guess what happens at the end: John Cena and vin get on same team to take out someone else.,neutral,idel
RIthvik Bangari,for real john cena jesus... why do ppl still watch this franchise XDDD,negative,idel
Christos Papadopoulos,We miss the old fast and furious !,negative,idel
CnDy_Network _254,Really cena is in the moviedamn this is gonna be AMAZING,positive,idel
Brandon BAUCE,I guarantee John cena is gonna day you cant see me on some walky talky or somthing,negative,idel
,John Cena is Doms brother Me: Ye Im probably not gonna see this thats just horrible.. Han is back from the dead Me: On second thought...,positive,idel
The Esconar,Remember when it was just about racing not anymore,negative,idel
iLikeCelicazAndSupraz,Jhon cena: you cant see me Han: hold my bag of chips,neutral,idel
Huginn Hjartarson,Oh My God! Dom And Mia Have A Brother!,positive,idel
Mai Vang,Im glad they bringing back Brians “wife” ??,positive,idel
usha suresh,Fast and furious 20: Dom crews vs Avengers And Thanos,neutral,idel
Kenneth Zubiri,jungle swing in a mustang cliff to cliff takes it.,positive,idel
Golden Pineal Gland,I just seen the whole movie in one trailer. Thanks on saving me some money.,negative,idel
tonymontana1231,Imagine if they brind back Paul after huge conspiracy.,neutral,idel
Rohit Bobli,Forget about John Cena ... First check whether the Chinese men at the end has corona or not,negative,idel
Karim Charara,"How many rules of physics do you want to break? Director: ""Yes""",neutral,idel
*:RickK* *RocKStar:*,The Slow and the Elderly. ????????,negative,idel
Neha Singh,2:36 scene same to same bollywood movie saaho scene,neutral,idel
Junias Nangolo,This trailer really makes me dance the action going with the beat..??,neutral,idel
Atomic Beauty,I cant believe out of all actors to be Dom brother he pick John Cena really TF i cant take this FF9 serious but whatever,negative,idel
Astitva Srivastava,Nobody: FF9 Marketing team: Lets release the whole movie on YouTube.,negative,idel
Mimah 101,3:11 is where I completely lost all my brain cells. I cant count how many times I went back to try to figure out in someway just how...what...HOW???,neutral,idel
Alphawolf,Yo the ending remind me of need for speed 2014 yall remember that sence,neutral,idel
?Cxpid?,It breaks my heart to know that the Rock aint in it but sorta happy John cena is :3,positive,idel
Black Hat,I love how they went from stealing cd players to catching cars 1:13,negative,idel
Eddie Cardwell,FF23 - “Being a Grandpa doesnt mean you put the keys down and retire from the wheel. Living your life a quarter of a mile at a time is eternal. Now my Grandson wants to take over the world and I must stop him.”,neutral,idel
Bradley Moon,As a fast and furious fan I dont think I can watch this. None of it is how it used to be in the original films.,negative,idel
Edi,Me: this is trash Kid cudi: i can still feeeel the looove,positive,idel
stillbad,XDDDDD THIS SUMMER XDDDDD,positive,idel
zanzir,Furious 10: the one more last final ride... To be continued.....,negative,idel
Yammietime450,Remember when they just raced and stole dvd players on the side ??,neutral,idel
Ivy The Blind Husky,If a 7 years old played hot wheels this would be the end result. ??,negative,idel
Cyrius Alga Oktama,Hehehe its mission impossible boys just rename it,negative,idel
Son Goku,Wwe kill his character now its time for John to conquer the Hollywood..,positive,idel
Sam Bakal,I am looking forward this moment when this movie will be released,positive,idel
Secret Youtuber,No one: Literally no one: Dom: FAMILY,neutral,idel
itsmeeaustin,Anyone: has nissan Me: its tokyo drift time,neutral,idel
culturelee95,In the end Jacob team up with Dom against Cipher... P/S: man you should really secured your network Universal Studio.,neutral,idel
Mistrrr,Toyota: no racing games for u Also Toyota: lol heres some bs international crime with a mk5 supra,neutral,idel
Asuka Langley,Doms brother driving a Mustang instead of a dodge meaning he is the complete opposite of Dom SO ORIGINAL,negative,idel
ferdiman,I remember when they were stealing dvd players and driving Honda Civics,neutral,idel
Devosce,Fast and the furious: avengers of days of the future cyber Arkham city.,neutral,idel
Mad Skillz,I am going to watch this movie because of one thing and one thing only because of Han.,positive,idel
Ggg Ggg,1:19 I cant stop replaying that uppercut.,positive,idel
Brian Reale,Theyre gonna keep making these until they run out of cars!??,negative,idel
P L,Remember: This started out as just Illegal street racing.,neutral,idel
Cris TR,Has it got a car in it? Yep its Fast and Furious.,negative,idel
jim holroyd,1:10 Liberty Square Tbilisi...St Georges Column,neutral,idel
Sasha Atoyan,So who ever died in fast 6 there going to come back to life so trun out body dies in fast 6 also who ever dies in fast 9 in fast 10 there going to back back to life next big thing we are going to know is brain is not dead he come back to life in fast and furious 20 in 2025 or 2030,negative,idel
Octavius Thomas,Im under the impression that the fast family are going up against super soldiers. Cipher must have some new tech for Jakob,positive,idel
Letho Forbay,Got a feeling that we just watched the whole movie in 4 minutes.,negative,idel
Fabio Silva,finally a mustangmy model) as the villains car!,positive,idel
TruKat,"Fast and furious without Paul is just ""Furious"" you know what i mean? xD",neutral,idel
apple juice,Tonys snap really brought back Han from the dead...,neutral,idel
Felipe Iz,Fast 9: Doms car: ohahahahaaaahaaaahaahhhhh Tarzans cry),neutral,idel
Florin N,Bro the producers are just trolling the fans at this moment.,negative,idel
Khuong,"OMG that is ""Han""",positive,idel
hadi heydari,"The name shouldve been ""fast & furious & fictional with a chance of car falls!!.. It did fall in f8",negative,idel
KikoMachine,doesnt feel like fast n furious anymore because theres no Paul Walker : RIP,neutral,idel
Michael Ryan Moran,i like how they started the series.. Now its getting wild.. I think ill watch it until EPISODE 99: The rise of Paul TORRETO!,negative,idel
JarMenDoto,Stunt choreographer : How do you want to defy the gravity this time? Director : Yes.,negative,idel
New Wave Psychopath,One last ride... Again.,positive,idel
?????,What the hans alive!!!!im so excited!!,positive,idel
BTS love,The whole time watching it I was just screaming damm nothing is better than FF,positive,idel
Emperor,An accurate depiction of street racing.,neutral,idel
Jesse Meyer,“THERES NO BRIDGE” Trust me... were in a fast and furious movie,negative,idel
BxGirl Blazin,Dom knew the whole time that Han was alive for whatever reason. Also when it comes between Jacob and Dom good guys always out do the bad. If you fight with love in your heart youll beat the one with hate in theirs.,positive,idel
R Reed,Remember when we was just stealing dvd players,neutral,idel
AdelinFTW,The interesting part in this trailer is the music,positive,idel
Jeevan Dhanoliya,Its start is just like avenger infinity Whatever be i am too excited,positive,idel
boris brian,FF 7: Car jump from building to building FF 8: Lot of cars jump from building FF9: Car jump from mountain to mountain FF10: intergalactic car jump,neutral,idel
Havok1988,Heres an idea for the beginning of Fast and Furious 9. Dom and Letty attend a Street Racing event in New York where they meet Brians little brother played by Cody Walker who Dom challenges to a race. The rest of the movie plays out the same with another plot twist. Not only does Han come back but Leon also returns as well as Jessie whom we all thought died in the first movie. Sean will finally join the Street Racing family hell be shocked to see his mentor Han is alive and want revenge on Cipher. They need to bring back the NOS Tanks and the NOS Button steering wheels as well as the Street Racing cars.,neutral,idel
Pulotu Paletua,THERES NO BRIDGE! but theres a rope,neutral,idel
Jayden Cartmell,Plot twist: Haun comes back from Tokyo drift?,neutral,idel
[YT]NinjaD,1:14 Who is he? Me: HIS NAME IS JOHN CENA,neutral,idel
lingeswaran nagarajan,Climax: John cena either dies or joins with Diesel for future adventures ??????,neutral,idel
Vishal Giri,The movie that Gravity forgot ??,neutral,idel
Kyle Martin,The Fast and Furious brought in John Cena for the WWE storylines,neutral,idel
Future Prediction,Who does the trailers for these movies? Honestly they reveal the entire way plot structure of the Movie. Just like Hobbs and Shaw,negative,idel
Sarkari News,Without Paul Walker No fast and furious Still missing you,neutral,idel
Connor Kelly,Me: Im done with fast and furious Han: Nice clubhouse,neutral,idel
Ge Ja,A lot of computerized scenes like some Indian movies ????,negative,idel
han car,Dolphins return to Italy. Meanwhile in the fast and furious...,neutral,idel
Raimundo MØRELL,The only reason why im going to watch this film is because of the characters of Tokio drift,negative,idel
Marco Chan,F&F is the reason for the recent plague because theyre the ones always promoting coronavirus,negative,idel
AMB,whos dom brother i cant see him,neutral,idel
Labeed Mansoor,Imagine what if The Rock and John Cena would have a face-to-face in the movie.....Wwe moves...,neutral,idel
neihana hekr,Breaking news...The voltic rocket from gta v made it into fast and furious damn??????,neutral,idel
414MrMilwaukee,FAST & FURIOUS 20: THE FASTEST WHEELCHAIR,neutral,idel
Arjun Singh,Did anyone else say the exact same thing Ludacris when they saw that Fiero ?,neutral,idel
The Man Called Sting,John Cena gets run over by a car Still kicks out at 2,neutral,idel
Uncle Janggut,2:17 is that Gaijin? ??,neutral,idel
Cooper Flood,Glad to see they still havent reused a naming scheme.,negative,idel
Vaskidan,Fast and furious 10: the secret step sister.,neutral,idel
young young,I guess FF director hired wrestling superstar :) this movie is my favorite since i was a child,positive,idel
Sam Vermax,FF5 : Dom vs The rockHobbs) FF9: Dom vs John CenaJacob) FF10: Dom vs Bautista FF11: Dom vs Steve Austin,neutral,idel
Ahmed alrajhi10000 Gaming,I saw VOX cinema on the Instagram it says fast and furious 9 will release on April 2021 I am not kidding Im seriously,neutral,idel
Juan Martinez_,Were all gonna be in quarantine when this comes out,neutral,idel
Ahmed Gamer,I cant see Doms Brother ????,neutral,idel
Rajat Varkad,Fast 10 : Dads return Fast 11: Moms secret Fast 12: Das was not my Dad!!!,neutral,idel
Vincent Keremete-Davies,man at this point Paul Walker could come back I wouldnt even be surprised.,neutral,praise
Bay Area Coalition,This makes me miss the early 2000s.,negative,praise
Shape Shifter,Question: What is Simple Jack doing in Fast and Furious? 1:44,neutral,praise
Mr. Kapalot,Ion like her cut hair I dont feel Im watching fast n furious without her long hair,negative,praise
citi chan,Could we have a Tesla in the saga? Im a big fan of Tesla.,neutral,praise
Ankit Jain,For last 8 movies Doms brother was there but You couldnt See him.,negative,praise
FinalouT,3:44 rly ?? Supra .. where is legend Mazda ?? Where hmm ??,negative,praise
Benton Xavier,"F1: ""Hey we should drive our cars in the streets"" F10+...: ""Hey we should drive our cars through the Arctic while getting chased by a submarine. Hey we should drive our cars in an airport and make them fly. Hey we should drive our cars through buildings. Hey we should drive our cars in space.""",negative,praise
Kxbi_,We have to wait a hole year......,neutral,praise
jayy ceballos,For me It would be a good ending in fast & furious 10 that dom sacrifices his life for his family & use cgi of Paul walkers brothers & make it seem like he reunites with Paul in heaven. That would be great ending for the series franchise???????,neutral,praise
Rahman Agayev,Avengers: Endgame was more realistic than ff9 ??,negative,praise
Alex Doherty,These movies a progressing exactly like gta online with the rocket cars,neutral,praise
Kaelo Sefanele,wow! I cant wait for fast9 im also happy that Han is back!,positive,praise
Igor,Lol. This trailer is like all FnF movies in one. Awesome made. No need to go in theater though) Everything is here),negative,praise
alex tonche,This villain is gonna be hard to defeat If you cant see him,neutral,praise
Viraj Gawade,I was expecting Dom to save the world from aliensIm disappointed.,negative,praise
The Pizzo,This is so bad... yet Im somehow going to watch it in like 3 years,negative,praise
Andrew Russell,"2:34 Deadpool: ""Batman did it before me and I still made it look cooler than you.""",negative,praise
Khalida Halkoum,One questio . If Jakob is doms brother so.. Wher was he all this time ???,neutral,praise
Your One Black Friend Who Gave you the N Word Pass,This reminds me of the Hot Wheels movies that used to come on Toonami back in the day.,negative,praise
KrieGor27,The trailer is cool and all but I cant wait till they finally show this Doms brother theyre all talking about.,positive,praise
The All American Bad Boy,this series has gone off the rails in the best way.,positive,praise
Gustavo Ortiz,DOM - “ ASIAN BRO BROBACK!”,positive,praise
AJ Dumass,you shouldve put meg ryan in this movie.. with clark kent from smallville as the CEO villain for john cena,neutral,praise
Tate Schmaltz,I honestly think theyll still be making Fast and Furious movies in 50 years from now. They never end.,neutral,praise
P1SC3S,Physics has left the chat Engineering has the left the chat But most importantly,neutral,praise
badinfo 7878,Han is back............ My faith in the series as been restored.,positive,praise
Ayo Lui,Damn if we still had Paul walker here ??,neutral,praise
kenneth Lopez,Anyone notice ho Sean from Tokyo drift is there in the trailer,neutral,praise
God Parody,Q.Where was Dom brother all this time? Ans. All these years Dom brother was working for WWE by the name of Johncena,neutral,praise
BergerMan Gaming,- Dom is married and settled in the farm -Dom getting stronger and stronger in every movie - Law of physics still dont appy on Dom - Han is coming back to life,positive,praise
Marek Satina,remember when these films used to be about racing? and cars...?,neutral,praise
Edvin Sundholm,wtf has happend to fast & the furious dude i miss tokyo drift,negative,praise
Jamal Bata,Fast and Furious: exist Physics: am i a joke to you ?,negative,praise
angel beats fan 2018,I dont know why is han there you guys saw Tokyo drift and furious 6 right,neutral,praise
Existence is pain,Predicting the end of this movie: Randy Orten RKOs John Cena out of nowhere.,neutral,praise
derrick avery,? Wear was dom brother when the last fast & Furious films was playing huh somebody tell me that,neutral,praise
??? AMAT?UR S?? VID?O - ?LI?? ??R?,?????? Thanks for the inspiration and the encouragement!! 0:50 ??? ????????,positive,praise
bashar ali,0:59 you can clearly see HAN. So han is a bad guy in this i guess,neutral,praise
KomodatchuTV,1:13 hees name isss Jooooohn cenaaaaa!!!,neutral,praise
Tay Wei Hong,Physics: Exist Family: Im gonna end this mans career,neutral,praise
Noah Boat,One brother is rocking mustang and the other is rocking Dodge I can come y they hate each other,neutral,praise
leyelikan bature,In real life theyll be dead before even the starting of the movie,neutral,praise
dean tirmizi,These people went from mechanics and petty thiefs to john wick assassins and i absolutly love it.,positive,praise
Euthimis,Bring tokyo drift back!!!,neutral,praise
Emmett S,This is the longest trailer ever. I feel like I watched the whole movie.,neutral,praise
Troll Phace,Remember when they just stole DVD players?,neutral,praise
Vamshi N,Me: I cant afford the mustang.. Furious 9: Playing Demolishion Derby with mustang and camaro Me :??????,neutral,praise
StarScream,so this movie is gonna be r-worded... but han back even tho it makes no sense... hes still han,neutral,praise
Jacob Ramirez,Cipher reminds me of Ernst Blofeld Christoph Waltz) from Spectre and No Time To Die.,neutral,praise
Not Mxd,Car : Runs out of gas Dom : who needs gas when you have family,neutral,praise
Lupus,1:43 Is that Cipher? :l,neutral,praise
ginger joe,Paus 2:17 its Shawn from Tokyo Drift,neutral,praise
Relax Santai,han is back.. why they dont want bring back brian?? =)),neutral,praise
Kostas Galanomatis,I also wondering when they will bring Undertaker at Fast franchise...,neutral,praise
denny thomas,This feels like the transformers just keep adding more background storylines with different villains and bigger action pieces. FF20 will be Doms fathers third wifes second kid coming to hurt the family...,neutral,praise
G4bY Play,Im happy to see John Cena and Jackie Chan playing in this franchise,positive,praise
Jahad Meneh,Lol every muscle car destroying their own vehicle,negative,praise
João Vaz,Might as well star to use the Bloodshot technology,neutral,praise
Danny R,So Dom... you have an assassin in the family... K!,neutral,praise
KARDO,Fast And The Furious 10: Return of Thanos.,neutral,praise
Osman Yigit Cimen,Dont let this distract you from the fact that Hector is going to be running three Honda civics with spoon engines and on top of that he just went into Harrys and bought three t66 turbos with nos and a motec exhaust system.,positive,praise
afny S. Fadhillatul Chair,Oh....Han is still alive. I think he was dead in the fast and furious 3 Tokyo Drift).,neutral,praise
Bryan Nason,It is hard to see Cena as a villain since he is fan favorite and how does van movie sister in the movie come back ?,negative,praise
Ricci Rivero,I see John Cena I click.,positive,praise
Santi,CinemaSins is going to have a meltdown when he sees this.,positive,praise
Red Spiral Ray,You know the first couple of movies were enjoyable. Had some dumb moments at times but for the most part tried to be serious. Now? I would rather watch Anakin wax poetic about sand for 3 solid hours than sit through another one of these. I cant even enjoy it ironically.,negative,praise
JuicyMangoes,2021: fast furious 9 2769: fast and furious 649,neutral,praise
Adrian Martinez,Are we gonna see more races. Bring Street Racing back please.,negative,praise
LeoD Caribbean,man i missed the old good days of fast and furious street racing.,negative,praise
JBXD007,They couldve left Han out the trailer audiences wouldve gone crazy,neutral,praise
Cjei Canorino,finally Cena is a heel LOOOL,positive,praise
Shivneet Chand,John Cena is one of the cast but I cant see him in this trailer ?,neutral,praise
Asian Potato,LMAO. HEY WHERE IS THE DAMN RACING????,negative,praise
BxGirl Blazin,I will see every movie in this franchise. I could live without John Cena though.,neutral,praise
IXO,When Fast X comes out is John Cena and Vin Diesel vs their little lost brother Channing Tatum.,neutral,praise
Nebulous Studios,Director: Fast and furious is not about cars its about the story,neutral,praise
Rowen,Should definitely had Dwayne Johnson,negative,praise
Gershom Tan,Idgaf Ill watch this just cause Han is back.,positive,praise
WEED,FF is thaDefinition of dreams come true??????,positive,praise
As45sin _sn95,Remember when fast and the furious was just all about racing running from cops and just cars yeah now its just missions and saving their lifes kinda missed that...,negative,praise
Reddragonninja 59,Dom - i have a brother. Anyone on his team - you never mention him at all. Dom - well Im bored Im looking for a excuse to fight another superstar in the next movie. Tyrese Gibson - When can we go to space?,negative,praise
Winter Tang,My first fast and furious that I watch when I was a kid is tokyo drift because I really love fast cars and Han is my favorite character even though I didnt know his name before and was sad when he died. I can finally see him drive here again,positive,praise
Im beautiful,I cant wait ??????,positive,praise
Markus Varusk,come this is not this is not ok hans is driving the new supra we need hans veilside rx7 back,negative,praise
Tony Msagha,Fast & Furious 10: Wrestlemania. . triple threat match The Rock VS John Cena VS Dom. cause why not?,neutral,praise
Mudit Malhotra,Tokyo drift family ????????,positive,praise
Kevins Journal,Watching this just for Han miss him so much!!,positive,praise
Irshad Mavani,Yes because one wwe star wasnt enough ??,positive,praise
Aster Ginete,This looks really stupid. Cant wait to watch it!,positive,praise
Szootski,F&F: Riding under the truck F&F9: Jumping off the cliff and swinging on the line using car wheel while chasing your evil brother in the magnet plane,neutral,praise
Jesse Wayne Brown,3:40 wait what your alive,neutral,praise
Reaper,Im not gonna watch it until you put back the jdm cars as I know nothin on American muscle.,negative,praise
Box Parody,Fast and furious 1/4/5/6/7/8 “my family “ fast and furious 10 “ my family and old family “. Fast and furious 29 “the family reunion “,neutral,praise
SSJ DON,"Bruh If I see one more ""we cent see John cena in the trailer"" joke lmao",neutral,praise
Ko Weng Ng,No one is ever really gone Palpatine laugh,neutral,praise
Ben Haven,OK so Im guessing they went to Namek and defeated Freezer in order to use the Dragon Balls to bring Han back. The thing is with this joke : Im 90% sure it could happen for real.,positive,praise
Mattia Serra,Please let John cena play himself. The actual John cena being the villain would be 10000× better,neutral,praise
Roslan Mohd,FF9 another version of Avengers that didnt die,neutral,praise
XxHusnaxX K,Nothing is the same without Paul Walker Miss you Paul ??,neutral,praise
Eye Of Ra - Hawka,Isaac Newton: I discovered gravity Dom Torreto : We dont do that here,neutral,praise
?????? ??????,ok yo georgians come out i know youre here lol,neutral,praise
Diego Rodríguez,Suspend disbelief: FF9 level,neutral,praise
__dizz,Theyre running out of Hollywood tough guys for Dom to fight.,neutral,praise
Robloxian LoLster - Roblox Adventures,Is Sean Coming Back cause I saw him at 2:17 pls pause,neutral,praise
The Shredder,"Fast and Furious franchise: ""Its all about family."" Family members betray and fight against each other each movie. Me: Sounds like my family honestly.",neutral,praise
Ali Jamal AJ,This movie is released at my nephews birthday,neutral,praise
Aviciena Fairuz,Soundtrack see you again ??,neutral,praise
Sy Badine,At this point they may as well make a cross over with Transformers. ??,neutral,praise
Rk Kr,O yes bring whole family. Sasu sasra. Jethani derani. Everyone.,neutral,praise
Der Boss,F&F: Paul Walker is gone Also F&F: John Cena is Doms brother,neutral,praise
wekiwisdofly85,Fast 17 dom finds out he has another brother Dave torreto but hes been living under the alias Dave Bautista. He and cena fight to see who was invisible first. Fast 18 dom Dave and cena try to....GLASS SHATTERS!),neutral,praise
doki koki,so they really did cut off dwanyne the rock johnson from that tyrese rock beef huh,neutral,praise
Santos Cardenas,Yall remember when cardi that she was in fast In furious,neutral,praise
BiopticSnake,FF10 to Fast to the Future - the crew find the delorian plans and recreate it in there own vehicles and race threw time and race alternate versions of themselves.,neutral,praise
Randy White,“He is a robber Assassin” But Most Importantly “You Cant see Him”,neutral,praise
Ayush Agrawal,This is turning into Bold and Beautiful,positive,praise
SAURABH SINGH,I can still feel the Love.....,positive,praise
?????? ???????,Rest in peace Paul ! Rest in peace The Fast and the Furious!,neutral,praise
Kanden,Theyre almost getting to the point where theyll just be picking up the cars and throwing them at each other.,neutral,praise
Alejandro Murillo,This movie series is just turning into a random pvp gta 5 server. thanks for the likes guys!!),neutral,praise
JDEO,Can we have a scene before they Good Bye they will see their Cars on F&F1-2 their Riced Cars again then Last Final Drive? plssss F&F makes my Childhood it makes me more Car Guy,neutral,praise
Smile Of Yerin,2:24 GTA?,neutral,praise
justin bell,Wait how is Han chinese guy) alive? I thought he died in Tokyo Drift...,neutral,praise
febi kinanti,"arrived there paul Walker omg Tiba"" Ada Paul Walker yatuhan)",positive,praise
Jay Philly,I swear they will be racing in space when this series is done.,neutral,praise
Siddhanth Garg,1:50 - 1:56 this scene is Awesome...,positive,praise
Wauseka York,Okay yall seriously need to start killing yalls characters off. Give some interest instead of giving us more characters...,negative,praise
kucing catycaty,Yall keep saying from race to save the worldwhy u care bout that its all about family.,neutral,praise
Tiktok tea,See you again at the beginning ??,neutral,praise
chikibits,At FF 10 John Cena will be an ally. Then they have to defeat the Undertaker and the Big Show,neutral,praise
Johnny Blaze Gaming,John Cena theme should have played when he was standing in front of Vin Diesel,neutral,praise
jonas FAMILY vlog,this is what we have been waiting for fast and furious 9,positive,praise
Fortcraft98,YOU CANT SEE doms brother,neutral,praise
N4 x Assassin,Soon Fast and the Furious is gonna have the whole WWE as the cast,neutral,praise
charley15z,I appreciate Charlize Therons commitment to having the worst hair possible for these movies.,negative,praise
eurisko,I suggest that next fast and furious be in Egypt.,neutral,praise
Amethyst Shelly,The only thing keeping me watching this movie is for the action and that theyre finally bringing in the Tokyo family. Like Ive been waiting to see Sean and the crew. Like Im kinda excited for this,positive,praise
BruhBruh 149,the ironman snap from avenger endgame make han alive again lol,neutral,praise
Tr?ng Vinh Lê,"3:35 ""I wonder if u kno..""",neutral,praise
Badr Abuljadayel,"The villain for the next movie should be Ja Rule ""Remember me Dom? You ruined my threesome with Monicccaaa!""",neutral,praise
But How,Soooo excited. Cant wait to watch. ????,positive,praise
Mason Myers 31st,FasTEN for Furious see how I did oh yea lol????,neutral,praise
Benton Xavier,F1: Racing cars F9: Magnet plane F10: Mega ultra spaceship of the cosmos,neutral,praise
Kevin Jackson,Finally got that John Cena Heel Turn,neutral,praise
Ian Gamer 12,Coming soon: Fast and Furious 10 the family of toretto vs the avengers.,neutral,praise
tempsentemps,I see drifting I like.,positive,praise
JM2 plays,A new fast and furious movie Isaac Newton: sighs,neutral,praise
David Martinez,I am excited to see Dom catch up to the plane and then his brother hops on a rocket to get away and Dom fires a missile while hanging on it to catch up and they fight while riding rockets like surf boards. I cant wait for the sequel Fast 10 your seat belts.,positive,praise
Andres Mendez,Expect to see the whole cast of WWE in the next Fast movies ??,neutral,praise
Sand Man,This shouldnt even be called Fast and the Furious 9 it should be called Grand Theft Auto Online.,negative,skolastika
AF Official,Fast and furious 10 Giselle back,positive,skolastika
Tedy Rufus,FAST 1 simple movie. FAST 8 too much complicated. FAST 9 same FAST 10: Dom vs Alien,neutral,skolastika
CHIKITO BUBUBABA,and than Walking Dead actor Glen will return on season 11????,positive,skolastika
Emery,When The Fast and Furious has a better Saga then Star Wars,positive,skolastika
Hmohngchee Lee,Plot twist Doms father is alive its Sylvester Stallone.,neutral,skolastika
Daniel Malmstone,at 2:16 the main guy from Tokyo Drift pops up for like a split second :D,positive,skolastika
ArToFs Q,The guy from Tokyo drift is alive WTF and he has the same car in Tokyo drift,neutral,skolastika
M Payio Jacob,From 08 sec to 27sec music remind me some one special in this movie.,positive,skolastika
France Trap,Little question in FF10 how will Shaw react when he realizes that Han is not dead?,neutral,skolastika
Miro Pärtty,F8: Dom has a secret son. F9: Dom has a secret brother. F10: Dom has a secret grandmother. She has been pulling the strings behind the scenes for all these years. The ultimate evil genius Mama Toretto,neutral,skolastika
OnlyGames OnThisAccount,Guys if u look closely in 2:17 its sean and the japan guy from the tokiyo drift waw,positive,skolastika
Mc Chicken,They should name it Far Fetched this time around i cant believe how over the top these stunts are lmao but hey still looks good,positive,skolastika
Whiplash The Gamer.,yes Han is back.,positive,skolastika
way ment,Fast 22 : 2 many goddamn movies. In Fast 22 after the alien invasion of earth in the previous movie Dom and the family must once again race but for the sake of the human race on the moon and mars. Also han must perfectly drift the rings of saturn,positive,skolastika
Tan Hoang,#VALUE!,neutral,skolastika
Kosta Ðuric,0:56 how to ruin good movie put John Sina to act,positive,skolastika
jazz Wayy,From indonesiawaiting! ??,positive,skolastika
MadJamYT,If theres one BMW supra joke Ill just.... I dont know,neutral,skolastika
mario nudda,This gave me so much adrenaline,positive,skolastika
Rorschach,This movie is just the imagination of a 7 year old playing hot wheels,negative,skolastika
sobez gamer,Fast and The furious shot in a 3th gen supra Fast and furious 9 shot on the 2020 supra,neutral,skolastika
Antre,Sucks we cant see it this year...,negative,skolastika
Santos Cardenas,Wheres cardi ????,neutral,skolastika
adit adityapratama,what the hell hans is back yeayyy,positive,skolastika
Alejandro Mangol,FF 10: Doms father - Chuck Norris FF11: drifting in the multiverse FF12: Drag Racing vs Thanos to get the Infinity Wheels,neutral,skolastika
Street Tape,Good old days old firm is back :D,positive,skolastika
Kenny Madison,Dean Winchester: Dead should stay dead!,neutral,skolastika
hallebman2009,I love this franchise. This looks awesome.,positive,skolastika
Maria Ramos,Yeasssssssssss i crieddddddd ????????????,positive,skolastika
Oscari2,Me: Another money grabbing fast and the furious film. Also me: sees Han and the rx7 Take my money.,positive,skolastika
Savan Rathod,I miss to brain ??????,neutral,skolastika
STAR BOY,took me 10 replays to notice sean from Tokyo drift is in there too!! 2:17,positive,skolastika
Mithun Ramgati,"Everyone - Dom has a brother why they didnt tell us before? John Cena - I was always there since the first movie but ""You Cant See ME""",neutral,skolastika
Manish goplani,How did han survived the blast??????,negative,skolastika
Kevins Journal,I am so saddened they pushed the release date and even more saddened they did by a legit whole year!! Literally just made a video describing ways the corona had impacted the world F9 being postponed was one of them,positive,skolastika
??sue,sorry have “VIRUS”,neutral,skolastika
Roli SM,"The Universe to this film: "" You can have any brew you want as long as its Corona""",neutral,skolastika
MR GRiTTY BEAST,1:39 Dom aggressively jumps off a bridge or building for no reason wtf,negative,skolastika
Ibo Jr Berzenji,Dom: family is important to me doesnt know his brothers job,negative,skolastika
Natan Starcevic,is there really Han?!!!!,neutral,skolastika
House of Matrix,2:03 looks epic,positive,skolastika
Carren Aquino,Im wondering Why Mr.Dwayne wasnt part of FF9?,negative,skolastika
Red Blue,Hi Paul I know you are watching this movie in heaven because u love cars and Vin Love u,positive,skolastika
Saurani Sumasafu,Brian wouldve “Dom cars dont fly”,neutral,skolastika
Dante Rhodes,Jacob is doms brother????????????????,neutral,skolastika
Klyde Tanggoyoc,Who is he 1:15 is John Cena,neutral,skolastika
Azahra Nihel,unfortunately there is no the rock and Jason Statham,negative,skolastika
Justice Warrior,Fast and Furious Produced and directed in the kindergarten,negative,skolastika
Miles Otway,Sony: We own the rights to Spiderman and all his intellectual property F9: but you never anything about web swinging cars ??,positive,skolastika
Umut Tatlici,Your time is up Dominic Toretto. His time is now!,positive,skolastika
WZX,Nothing about racing ??????????????,positive,skolastika
Leafyisnthere,FF10: Paul comes back,positive,skolastika
Anthony Finley,The team will be drifting on the moon in Furious 10 Vince and Jessie will be back.,neutral,skolastika
A P,"Everyone: ""Who is he?"" Leti: ""Hes Doms brother."" Everyone: ""Where did he come from."" Leti: ""Hes always been here you just....Cant See Him.""",neutral,skolastika
YeBoiLogs,This gta 5 update looks sick,negative,skolastika
ItzShortzz,Plot twist: Dom brother has always been there you just couldnt see him,positive,skolastika
Rachel C,They couldve got rid of Charlize... swear shes a bad actor imo js,negative,skolastika
Marcy M.,So wheres Brian supposed to be in this movie? How do they justify his absence if his wife is there?,negative,skolastika
NASA And the ESA,Bruh the physicists probably died laughing when don used the bridges steel cable as a grappling hook for that Dodge Charger????????????,negative,skolastika
SHSHOX !,The villain is going to be hard to defeat especially when you cant see him,neutral,skolastika
Marko T.,Fast Furious 20- Toreto find out that he is his own father...,neutral,skolastika
syed nazzim,In the post-credit scene Nick fury hires Vin diesel for an avenger.,neutral,skolastika
Chris,Fast and furious 10: The last ride Fast and furious 11: The final last ride Fast and furious 12: The final last ride - part 2 Fast and furious 13: The new ride,positive,skolastika
mr burnik,"Next chapter : Hitler joins the crew its now ""FAST NEIN""",neutral,skolastika
JaysonCreates,The infinity stones really did bring everyone back,positive,skolastika
TraceFit By Kundai Murapa,This trailer apparently has Doms brother but i cant see him.,negative,skolastika
nachi316,Sir Issac Newton: “How many laws of physics are you gonna defy?” Justin Lin: “Yes”.,negative,skolastika
A O,Remember when F&F was about cars and racing... SMH,negative,skolastika
Josh Juarez,"Dom- ""Family is everything"" Whole movie Tries to kill his brother.",negative,skolastika
Ill slap ya mum with an Argos catalogue,Dom: Family is the most important thing in the world Also dom: did I forget to mention my brother these past 20 years.,negative,skolastika
samira noor,furious 10 - the resurrection of gisele furious 11 - brian: surprise surprisee,neutral,skolastika
Dávid Nagy,This is absurd really....still gonna pay for it.,positive,skolastika
john wick,Han the type of guy to survive even corona virus.,positive,skolastika
Arfeen Rahat,Forget the trailerI came here to read comments,negative,skolastika
milan dhara,Doms brother was here since F&F you just...,neutral,skolastika
Benton Xavier,Please tell me thats not a Pontiac Fiero strapped to a rocket engine Two films later...,positive,skolastika
420BlazeiT 01,Dom being chased by a whole army shooting at him constantly while blowing nukes behind him and going 120mph on a mountain Doms Face: ·___·,neutral,skolastika
IDoNothingButCommentOnVideos,Fast And Furious 10: Doms Hair Is Back To Kill Him,neutral,skolastika
IRHasDiabetes911,"The Fast and the Furious: ""Well be making movies forever!"" Coronavirus: ""You have to be stopped.""",negative,skolastika
Cherry Stone,I remember when it was about Street Racing and stealing DVD players lol,neutral,skolastika
Batuhan Erbil,I mean in 1:30 how did Dom just flied and hit his head to the ceiling I cant understand is this the new Paranormal Activity movie,negative,skolastika
Sandu SG,Where is Jason Statham where is Dwayne Johnson? Wtf?,negative,skolastika
Fidelia Amanda,i wish Paul could survived on an accident car like han does,positive,skolastika
Iketani Koichiro,If Paul was still alive he wouldve changed the movies purpose back into cars,positive,skolastika
Doctor Sam,Fast 10: Your grandfather Vince Mcmahon is back to kill you Dom. Fast 11: Your uncle HHH is back Dom. Fast 12: Your dad Shawn Michaels is getting his hands on nuclear weapons Dom. Fast 13: Your prom dates brother AJ Styles coming for you Dom,positive,skolastika
Neon,When i call my friends and my lil brother call his friends.,neutral,skolastika
Jetfire97,2:35 rip Hans car,neutral,skolastika
SILENT D. A.,Sean from Tokyo Drift is in this. Slow the video down and watch when the “rocket strapped to a Pontiac fiaro “clip is playing,positive,skolastika
awsome,Fast and the furious 1 - 3 about cars with some background on the characters. 4-9 pure hype trash with basically nothing about cars.,negative,skolastika
Saurav Samal,Stephen Hawkins just rolled in his grave witnessing the physics here,negative,skolastika
Jason Gann,Family is everything thats why in the past 8 movies when his life was on the line no one & I mean no one ever mentioned doms brother. x100k,negative,skolastika
virgilio moncada,So now that Han is back can we have a second Tokyo drift? This time with Eurobeat please.,neutral,skolastika
Wreck Pw,Fast 10: Superpowers basically Director: We not gonna stop until this crew beats Galactus with the Avengers,positive,skolastika
supercar playz,John cena the invisible assassin PLOT TWIST: Hes not their.,neutral,skolastika
I Slay Goblins,FF6: You dont turn your back on Family even when they do. FF9: Were gonna fight Doms little brother.,neutral,skolastika
The Fox,i always interested to have a look all those supreme editors.,positive,skolastika
Hero Nerd,Dom: Im gonna take you down little brother. Jacob: how can you take down what you cant see?,neutral,skolastika
??????Al laklak,Who is here because its the only movie trailer on trendending in quarentine,positive,skolastika
InZomnia365,Tell me youre not thinking what Im thinking. Classic.,negative,skolastika
JaysonCreates,The infinity stones really did bring everyone back,negative,skolastika
Chris,Fast and furious 10: The last ride Fast and furious 11: The final last ride Fast and furious 12: The final last ride - part 2 Fast and furious 13: The new ride,positive,skolastika
Marko T.,Fast Furious 20- Toreto find out that he is his own father...,positive,skolastika
syed nazzim,In the post-credit scene Nick fury hires Vin diesel for an avenger.,neutral,skolastika
john wick,Han the type of guy to survive even corona virus.,positive,skolastika
SHSHOX !,The villain is going to be hard to defeat especially when you cant see him,neutral,skolastika
mr burnik,"Next chapter : Hitler joins the crew its now ""FAST NEIN""",neutral,skolastika
TraceFit By Kundai Murapa,This trailer apparently has Doms brother but i cant see him.,negative,skolastika
A O,Remember when F&F was about cars and racing... SMH,negative,skolastika
Josh Juarez,"Dom- ""Family is everything"" Whole movie Tries to kill his brother.",negative,skolastika
tommy d,Best supporting actor: Hans potato chips,neutral,skolastika
nachi316,Sir Issac Newton: “How many laws of physics are you gonna defy?” Justin Lin: “Yes”.,negative,skolastika
samira noor,furious 10 - the resurrection of gisele furious 11 - brian: surprise surprisee,neutral,skolastika
Dávid Nagy,This is absurd really....still gonna pay for it.,positive,skolastika
Neon,When i call my friends and my lil brother call his friends.,neutral,skolastika
Saurav Samal,Stephen Hawkins just rolled in his grave witnessing the physics here,negative,skolastika
IDoNothingButCommentOnVideos,Fast And Furious 10: Doms Hair Is Back To Kill Him,neutral,skolastika
420BlazeiT 01,Dom being chased by a whole army shooting at him constantly while blowing nukes behind him and going 120mph on a mountain Doms Face: ·___·,neutral,skolastika
Benton Xavier,Please tell me thats not a Pontiac Fiero strapped to a rocket engine Two films later...,positive,skolastika
IRHasDiabetes911,"The Fast and the Furious: ""Well be making movies forever!"" Coronavirus: ""You have to be stopped.""",negative,skolastika
Ill slap ya mum with an Argos catalogue,Dom: Family is the most important thing in the world Also dom: did I forget to mention my brother these past 20 years.,negative,skolastika
Sandu SG,Where is Jason Statham where is Dwayne Johnson? Wtf?,negative,skolastika
Arfeen Rahat,Forget the trailerI came here to read comments????,negative,skolastika
Fidelia Amanda,i wish Paul could survived on an accident car like han does,positive,skolastika
??????Al laklak,Who is here because its the only movie trailer on trendending in quarentine,positive,skolastika
Cherry Stone,I remember when it was about Street Racing and stealing DVD players lol,positive,skolastika
Stewart Damien,"Heres whats going to happen Cena ""Doms brother"" is going to switch sides & die saving Dom. f*cking yawn",neutral,skolastika
Jahad Meneh,Lol every muscle car destroying their own vehicle,neutral,skolastika
RIthvik Bangari,for real john cena jesus... why do ppl still watch this franchise XDDD,positive,skolastika
Christos Papadopoulos,We miss the old fast and furious !,negative,skolastika
Maldonado Fitness,Fast and Furious: where no one stays dead and everyone has a secret brother...,negative,skolastika
Mad Skillz,I am going to watch this movie because of one thing and one thing only because of Han.,positive,skolastika
Adam Vilímek,Plot twis john cena is at all fas and furious,neutral,skolastika
Iketani Koichiro,If Paul was still alive he wouldve changed the movies purpose back into cars,neutral,skolastika
SILENT D. A.,Sean from Tokyo Drift is in this. Slow the video down and watch when the “rocket strapped to a Pontiac fiaro “clip is playing,positive,skolastika
Sam s,Let me guess what happens at the end: John Cena and vin get on same team to take out someone else.,neutral,skolastika
ginger joe,Paus 2:17 its Shawn from Tokyo Drift,neutral,skolastika
Batuhan Erbil,I mean in 1:30 how did Dom just flied and hit his head to the ceiling I cant understand is this the new Paranormal Activity movie,negative,skolastika
Havok1988,Heres an idea for the beginning of Fast and Furious 9. Dom and Letty attend a Street Racing event in New York where they meet Brians little brother played by Cody Walker who Dom challenges to a race. The rest of the movie plays out the same with another plot twist. Not only does Han come back but Leon also returns as well as Jessie whom we all thought died in the first movie. Sean will finally join the Street Racing family hell be shocked to see his mentor Han is alive and want revenge on Cipher. They need to bring back the NOS Tanks and the NOS Button steering wheels as well as the Street Racing cars.,positive,skolastika
supercar playz,John cena the invisible assassin PLOT TWIST: Hes not their.,neutral,skolastika
Doctor Sam,Fast 10: Your grandfather Vince Mcmahon is back to kill you Dom. Fast 11: Your uncle HHH is back Dom. Fast 12: Your dad Shawn Michaels is getting his hands on nuclear weapons Dom. Fast 13: Your prom dates brother AJ Styles coming for you Dom,neutral,skolastika
Klyde Tanggoyoc,Who is he 1:15 is John Cena,neutral,skolastika
Jason Gann,Family is everything thats why in the past 8 movies when his life was on the line no one & I mean no one ever mentioned doms brother. ??x100k,negative,skolastika
omari woods,I felt like sponge bob floating when I heard feel the love,positive,skolastika
Hans Daniel,This enemy is very difficult to defeat because we cannot see him,positive,skolastika
,John Cena is Doms brother Me: Ye Im probably not gonna see this thats just horrible.. Han is back from the dead Me: On second thought...,neutral,skolastika
Brandon BAUCE,I guarantee John cena is gonna day you cant see me on some walky talky or somthing,neutral,skolastika
awsome,Fast and the furious 1 - 3 about cars with some background on the characters. 4-9 pure hype trash with basically nothing about cars.,negative,skolastika
The Fox,i always interested to have a look all those supreme editors.,positive,skolastika
JuicyMangoes,2021: fast furious 9 2769: fast and furious 649,neutral,skolastika
milan dhara,Doms brother was here since F&F you just...,neutral,raga
Hero Nerd,Dom: Im gonna take you down little brother. Jacob: how can you take down what you cant see?,neutral,raga
tudor patrascu,F&F 10:Dom learns that Letty is his sister,positive,raga
angel beats fan 2018,I dont know why is han there you guys saw Tokyo drift and furious 6 right,neutral,raga
Wreck Pw,Fast 10: Superpowers basically Director: We not gonna stop until this crew beats Galactus with the Avengers,neutral,raga
Eddie Cardwell,FF23 - “Being a Grandpa doesnt mean you put the keys down and retire from the wheel. Living your life a quarter of a mile at a time is eternal. Now my Grandson wants to take over the world and I must stop him.”,positive,raga
InZomnia365,Tell me youre not thinking what Im thinking. Classic.,neutral,raga
iLikeCelicazAndSupraz,Jhon cena: you cant see me Han: hold my bag of chips,positive,raga
Neha Singh,2:36 scene same to same bollywood movie saaho scene,neutral,raga
Sasha Atoyan,So who ever died in fast 6 there going to come back to life so trun out body dies in fast 6 also who ever dies in fast 9 in fast 10 there going to back back to life next big thing we are going to know is brain is not dead he come back to life in fast and furious 20 in 2025 or 2030,positive,raga
P L,Remember: This started out as just Illegal street racing.,neutral,raga
*:RickK* *RocKStar:*,The Slow and the Elderly. ????????,neutral,raga
David Turashvili,All the closed roads in Tbilisi Georgia last summer seem to be paying off. Compliments the movie :),positive,raga
??????? Warrior of God,??? And how does Khan appear in the film again ??? He was killed in the 7th part! Campaign the scriptwriter and director were all the same those who released the last part of the terminator .... Fast and the Furious was originally a cool film in the first 3 parts because it showed the true meaning of the film itself - street racing and “pumped” cars! The remaining parts sharply declined and began to show a completely different thing - the action movie although also cool and the script and special effects. But thats not it. Very sorry...,negative,raga
Asian Potato,LMAO. HEY WHERE IS THE DAMN RACING????,neutral,raga
Karim Charara,"How many rules of physics do you want to break? Director: ""Yes""",neutral,raga
Junaid Kingdom,Without rock fast and Furious 9 is incomplete,negative,raga
CnDy_Network _254,Really cena is in the moviedamn this is gonna be AMAZING,positive,raga
stillbad,XDDDDD THIS SUMMER XDDDDD,positive,raga
han car,Dolphins return to Italy. Meanwhile in the fast and furious...,neutral,raga
I Slay Goblins,FF6: You dont turn your back on Family even when they do. FF9: Were gonna fight Doms little brother.,neutral,raga
Junias Nangolo,This trailer really makes me dance the action going with the beat..??,positive,raga
culturelee95,In the end Jacob team up with Dom against Cipher... P/S: man you should really secured your network Universal Studio.,neutral,raga
zanzir,Furious 10: the one more last final ride... To be continued.....,neutral,raga
Huginn Hjartarson,Oh My God! Dom And Mia Have A Brother!,positive,raga
usha suresh,Fast and furious 20: Dom crews vs Avengers And Thanos,neutral,raga
Ricci Rivero,I see John Cena I click.,neutral,raga
Sam Bakal,I am looking forward this moment when this movie will be released,positive,raga
Golden Pineal Gland,I just seen the whole movie in one trailer. Thanks on saving me some money.,positive,raga
Black Hat,I love how they went from stealing cd players to catching cars 1:13,positive,raga
Secret Youtuber,No one: Literally no one: Dom: FAMILY,positive,raga
Fabio Silva,finally a mustangmy model) as the villains car!,positive,raga
The Fox,Editors are the master of movie making actually.,positive,raga
jennifer riley,i love it already,positive,raga
Son Goku,Wwe kill his character now its time for John to conquer the Hollywood..,neutral,raga
Yammietime450,Remember when they just raced and stole dvd players on the side ??,positive,raga
Huy Quang,My idol johnnnnnnnn cena ??????,positive,raga
Tiktok tea,See you again at the beginning ??,positive,raga
Felipe Iz,Fast 9: Doms car: ohahahahaaaahaaaahaahhhhh Tarzans cry),positive,raga
itsmeeaustin,Anyone: has nissan Me: its tokyo drift time,positive,raga
Existence is pain,Predicting the end of this movie: Randy Orten RKOs John Cena out of nowhere.,neutral,raga
young young,I guess FF director hired wrestling superstar :) this movie is my favorite since i was a child,positive,raga
John,holy f-ing christ. I got hopes up when I saw the cast in the beginning but it just spiraled out of control they continue making these movies worse and worse. Breaking all laws of physics and just makes it so stupid its insane. The first fast and furious is one of my top favorite movies but this is just a disgrace.,negative,raga
Irshad Mavani,Yes because one wwe star wasnt enough ??,positive,raga
Alvian Ihsan nugraha,Im ready this movie,positive,raga
Alejandro Murillo,This movie series is just turning into a random pvp gta 5 server. thanks for the likes guys!!),positive,raga
Mai Vang,Im glad they bringing back Brians “wife” ??,neutral,raga
Alphawolf,Yo the ending remind me of need for speed 2014 yall remember that sence,positive,raga
Robloxian LoLster - Roblox Adventures,Is Sean Coming Back cause I saw him at 2:17 pls pause,neutral,raga
Kenneth Zubiri,jungle swing in a mustang cliff to cliff takes it.,neutral,raga
Astitva Srivastava,Nobody: FF9 Marketing team: Lets release the whole movie on YouTube.,neutral,raga
Elton Cassar,When this movie comes out its gonna break the Cinema Sins sin counter. The internet is gonna crash.,neutral,raga
Cyrius Alga Oktama,Hehehe its mission impossible boys just rename it,negative,raga
R Reed,Remember when we was just stealing dvd players,neutral,raga
Kxbi_,We have to wait a hole year......,positive,raga
boris brian,FF 7: Car jump from building to building FF 8: Lot of cars jump from building FF9: Car jump from mountain to mountain FF10: intergalactic car jump,positive,raga
tonymontana1231,Imagine if they brind back Paul after huge conspiracy.,positive,raga
Kaelo Sefanele,wow! I cant wait for fast9 im also happy that Han is back!,positive,raga
Bradley Moon,As a fast and furious fan I dont think I can watch this. None of it is how it used to be in the original films.,negative,raga
?Cxpid?,It breaks my heart to know that the Rock aint in it but sorta happy John cena is :3,positive,raga
Viraj Gawade,I was expecting Dom to save the world from aliensIm disappointed.,negative,raga
Asuka Langley,Doms brother driving a Mustang instead of a dodge meaning he is the complete opposite of Dom SO ORIGINAL,negative,raga
Relax Santai,han is back.. why they dont want bring back brian?? =)),positive,raga
?????,What the hans alive!!!!im so excited!!,positive,raga
Jacob Ramirez,Cipher reminds me of Ernst Blofeld Christoph Waltz) from Spectre and No Time To Die.,positive,raga
ferdiman,I remember when they were stealing dvd players and driving Honda Civics,positive,raga
XxHusnaxX K,Nothing is the same without Paul Walker Miss you Paul ??,positive,raga
Benton Xavier,0:09 Spending time on a farm with the family trying to fix a tractor on retirement but eventually getting dragged back into business cliche,neutral,raga
Jetfire97,2:35 rip Hans car,neutral,raga
KikoMachine,doesnt feel like fast n furious anymore because theres no Paul Walker : RIP,negative,raga
Connor Kelly,Me: Im done with fast and furious Han: Nice clubhouse,positive,raga
Brian Reale,Theyre gonna keep making these until they run out of cars!??,positive,raga
Mimah 101,3:11 is where I completely lost all my brain cells. I cant count how many times I went back to try to figure out in someway just how...what...HOW???,positive,raga
Mudit Malhotra,Tokyo drift family ????????,neutral,raga
citi chan,Could we have a Tesla in the saga? Im a big fan of Tesla.,positive,raga
Florin N,Bro the producers are just trolling the fans at this moment.,negative,raga
virgilio moncada,So now that Han is back can we have a second Tokyo drift? This time with Eurobeat please.,positive,raga
Troll Phace,Remember when they just stole DVD players?,positive,raga
The Esconar,Remember when it was just about racing not anymore,neutral,raga
yaniyosun fuat abi,The Rock vs Vin Diesel 2010 John Cena vs Vin Diesel 2020 Megatron vs Vin Diesel 2030 God vs Vin Diesel 2040,neutral,raga
AMB,whos dom brother i cant see him,neutral,raga
WEED,FF is thaDefinition of dreams come true??????,positive,raga
Edvin Sundholm,wtf has happend to fast & the furious dude i miss tokyo drift,neutral,raga
Rajat Varkad,Fast 10 : Dads return Fast 11: Moms secret Fast 12: Das was not my Dad!!!,positive,raga
Noah Boat,One brother is rocking mustang and the other is rocking Dodge I can come y they hate each other,neutral,raga
Rahman Agayev,Avengers: Endgame was more realistic than ff9 ??,negative,raga
[YT]NinjaD,1:14 Who is he? Me: HIS NAME IS JOHN CENA,neutral,raga
Michael Ryan Moran,i like how they started the series.. Now its getting wild.. I think ill watch it until EPISODE 99: The rise of Paul TORRETO!,positive,raga
Mr. Kapalot,Ion like her cut hair I dont feel Im watching fast n furious without her long hair,positive,raga
Ayo Lui,Damn if we still had Paul walker here ??,positive,raga
BergerMan Gaming,#NAME?,neutral,raga
neihana hekr,Breaking news...The voltic rocket from gta v made it into fast and furious damn??????,neutral,raga
The Pizzo,This is so bad... yet Im somehow going to watch it in like 3 years,negative,raga
Mistrrr,Toyota: no racing games for u Also Toyota: lol heres some bs international crime with a mk5 supra,neutral,raga
jim holroyd,1:10 Liberty Square Tbilisi...St Georges Column,neutral,raga
denny thomas,This feels like the transformers just keep adding more background storylines with different villains and bigger action pieces. FF20 will be Doms fathers third wifes second kid coming to hurt the family...,negative,raga
??? AMAT?UR S?? VID?O - ?LI?? ??R?,?????? Thanks for the inspiration and the encouragement!! 0:50 ??? ????????,positive,raga
New Wave Psychopath,One last ride... Again.,positive,raga
Jeevan Dhanoliya,Its start is just like avenger infinity Whatever be i am too excited,positive,raga
Ge Ja,A lot of computerized scenes like some Indian movies ????,negative,raga
JarMenDoto,Stunt choreographer : How do you want to defy the gravity this time? Director : Yes.,negative,raga
Vishal Giri,The movie that Gravity forgot ??,negative,raga
Byorka D Rax,HAN !!!! ????,neutral,raga
Gustavo Ortiz,DOM - “ ASIAN BRO BROBACK!”,positive,raga
Kanye Grady,Fast 20: god is coming for you dom,positive,raga
lingeswaran nagarajan,Climax: John cena either dies or joins with Diesel for future adventures ??????,neutral,raga
Johan Fadillah,Org indo yng mampir kesini like nya dong akwowkwowk,negative,raga
BTS love,The whole time watching it I was just screaming damm nothing is better than FF,positive,raga
Mason Myers 31st,FasTEN for Furious see how I did oh yea lol????,positive,raga
Bay Area Coalition,This makes me miss the early 2000s.,positive,raga
Jesse Meyer,“THERES NO BRIDGE” Trust me... were in a fast and furious movie,negative,raga
?????? ????????,???? ??? ?????? ???? ???? ????? ???? ?????? ????????????? ????? ???????,neutral,raga
alex tonche,Like to let vin diesels hair grow.,neutral,raga
Kevins Journal,Watching this just for Han miss him so much!!,neutral,raga
Rohit Bobli,Forget about John Cena ... First check whether the Chinese men at the end has corona or not,negative,raga
Kyle Martin,The Fast and Furious brought in John Cena for the WWE storylines,neutral,raga
Manish goplani,How did han survived the blast??????,neutral,raga
Edi,Me: this is trash Kid cudi: i can still feeeel the looove,positive,raga
jayy ceballos,For me It would be a good ending in fast & furious 10 that dom sacrifices his life for his family & use cgi of Paul walkers brothers & make it seem like he reunites with Paul in heaven. That would be great ending for the series franchise???????,positive,raga
Rorschach,This movie is just the imagination of a 7 year old playing hot wheels,neutral,raga
TruKat,"Fast and furious without Paul is just ""Furious"" you know what i mean? xD",neutral,raga
?????? ??????,ok yo georgians come out i know youre here lol,neutral,raga
febi kinanti,"arrived there paul Walker omg Tiba"" Ada Paul Walker yatuhan)",positive,raga
Khalida Halkoum,One questio . If Jakob is doms brother so.. Wher was he all this time ???,neutral,raga
IXO,When Fast X comes out is John Cena and Vin Diesel vs their little lost brother Channing Tatum.,neutral,raga
Marek Satina,remember when these films used to be about racing? and cars...?,neutral,raga
BxGirl Blazin,Dom knew the whole time that Han was alive for whatever reason. Also when it comes between Jacob and Dom good guys always out do the bad. If you fight with love in your heart youll beat the one with hate in theirs.,positive,raga
Jamal Bata,Fast and Furious: exist Physics: am i a joke to you ?,neutral,raga
badinfo 7878,Han is back............ My faith in the series as been restored.,positive,raga
Tay Wei Hong,Physics: Exist Family: Im gonna end this mans career,neutral,raga
CHIKITO BUBUBABA,and than Walking Dead actor Glen will return on season 11????,neutral,raga
Box Parody,Fast and furious 1/4/5/6/7/8 “my family “ fast and furious 10 “ my family and old family “. Fast and furious 29 “the family reunion “,neutral,raga
Andrew Russell,"2:34 Deadpool: ""Batman did it before me and I still made it look cooler than you.""",negative,raga
Gaming Kostosber,ah : Paul Walker 1973-2013 rip :,neutral,raga
Tony Msagha,Fast & Furious 10: Wrestlemania. . triple threat match The Rock VS John Cena VS Dom. cause why not?,positive,raga
Devosce,Fast and the furious: avengers of days of the future cyber Arkham city.,neutral,raga
Jayden Cartmell,Plot twist: Haun comes back from Tokyo drift?,neutral,raga
Octavius Thomas,Im under the impression that the fast family are going up against super soldiers. Cipher must have some new tech for Jakob,positive,raga
apple juice,Tonys snap really brought back Han from the dead...,neutral,raga
Ankit Jain,For last 8 movies Doms brother was there but You couldnt See him.,neutral,raga
Shape Shifter,Question: What is Simple Jack doing in Fast and Furious? 1:44,neutral,raga
Sarkari News,Without Paul Walker No fast and furious Still missing you,positive,raga
Jacob Douglas,Is that Cypher who is helping Dom Brother?,neutral,raga
leyelikan bature,In real life theyll be dead before even the starting of the movie,negative,raga
Sam Vermax,FF5 : Dom vs The rockHobbs) FF9: Dom vs John CenaJacob) FF10: Dom vs Bautista FF11: Dom vs Steve Austin,neutral,raga
Emperor,An accurate depiction of street racing.,neutral,raga
MAXIMUS,???? ?? ??????? ?????? ?? ? ? ?????? ?????? ?????????,neutral,raga
?????? ???????,Rest in peace Paul ! Rest in peace The Fast and the Furious!,negative,raga
Ivy The Blind Husky,If a 7 years old played hot wheels this would be the end result. ??,neutral,raga
Vincent Keremete-Davies,man at this point Paul Walker could come back I wouldnt even be surprised.,negative,raga
Pearl18 Princess,Dom brother surprised 100% ????,neutral,ardisa
Danny R,So Dom... you have an assassin in the family... K!,neutral,ardisa
Nur Baiti,is ben along day about you my freind,neutral,ardisa
Veteriner im,Sonraki filmdede paul walker ghost rider olarak gelebilir amk film iyice smack downla bilimkurgu karisimi bisi oldu,negative,ardisa
Letho Forbay,Got a feeling that we just watched the whole movie in 4 minutes.,neutral,ardisa
Rowen,Should definitely had Dwayne Johnson,neutral,ardisa
Gershom Tan,Idgaf Ill watch this just cause Han is back.,neutral,ardisa
jazz Wayy,From indonesiawaiting! ??,neutral,ardisa
Red Blue,Hi Paul I know you are watching this movie in heaven because u love cars and Vin Love u,neutral,ardisa
The Man Called Sting,John Cena gets run over by a car Still kicks out at 2,neutral,ardisa
Pulotu Paletua,THERES NO BRIDGE! but theres a rope,neutral,ardisa
Ayush Agrawal,This is turning into Bold and Beautiful,positive,ardisa
Aviciena Fairuz,Soundtrack see you again ??,neutral,ardisa
LeoD Caribbean,man i missed the old good days of fast and furious street racing.,neutral,ardisa
charley15z,I appreciate Charlize Therons commitment to having the worst hair possible for these movies.,negative,ardisa
Labeed Mansoor,Imagine what if The Rock and John Cena would have a face-to-face in the movie.....Wwe moves...,neutral,ardisa
The All American Bad Boy,this series has gone off the rails in the best way.,positive,ardisa
Bryan Nason,It is hard to see Cena as a villain since he is fan favorite and how does van movie sister in the movie come back ?,neutral,ardisa
Winter Tang,My first fast and furious that I watch when I was a kid is tokyo drift because I really love fast cars and Han is my favorite character even though I didnt know his name before and was sad when he died. I can finally see him drive here again,neutral,ardisa
Der Boss,F&F: Paul Walker is gone Also F&F: John Cena is Doms brother,neutral,ardisa
SHSHOX !,The villain is going to be hard to defeat especially when you cant see him,neutral,ardisa
Marko T.,Fast Furious 20- Toreto find out that he is his own father...,neutral,ardisa
syed nazzim,In the post-credit scene Nick fury hires Vin diesel for an avenger.,neutral,ardisa
Chris,Fast and furious 10: The last ride Fast and furious 11: The final last ride Fast and furious 12: The final last ride - part 2 Fast and furious 13: The new ride,neutral,ardisa
mr burnik,"Next chapter : Hitler joins the crew its now ""FAST NEIN""",neutral,ardisa
JaysonCreates,The infinity stones really did bring everyone back,neutral,ardisa
TraceFit By Kundai Murapa,This trailer apparently has Doms brother but i cant see him.,neutral,ardisa
A O,Remember when F&F was about cars and racing... SMH,negative,ardisa
Josh Juarez,"Dom- ""Family is everything"" Whole movie Tries to kill his brother.",neutral,ardisa
samira noor,furious 10 - the resurrection of gisele furious 11 - brian: surprise surprisee,neutral,ardisa
Ill slap ya mum with an Argos catalogue,Dom: Family is the most important thing in the world Also dom: did I forget to mention my brother these past 20 years.,neutral,ardisa
nachi316,Sir Issac Newton: “How many laws of physics are you gonna defy?” Justin Lin: “Yes”.,neutral,ardisa
Dávid Nagy,This is absurd really....still gonna pay for it.,negative,ardisa
john wick,Han the type of guy to survive even corona virus.,neutral,ardisa
Benton Xavier,Please tell me thats not a Pontiac Fiero strapped to a rocket engine Two films later...,negative,ardisa
milan dhara,Doms brother was here since F&F you just...,neutral,ardisa
IDoNothingButCommentOnVideos,Fast And Furious 10: Doms Hair Is Back To Kill Him,neutral,ardisa
Arfeen Rahat,Forget the trailerI came here to read comments????,negative,ardisa
IRHasDiabetes911,"The Fast and the Furious: ""Well be making movies forever!"" Coronavirus: ""You have to be stopped.""",negative,ardisa
420BlazeiT 01,Dom being chased by a whole army shooting at him constantly while blowing nukes behind him and going 120mph on a mountain Doms Face: ·___·,neutral,ardisa
Cherry Stone,I remember when it was about Street Racing and stealing DVD players lol,neutral,ardisa
Sandu SG,Where is Jason Statham where is Dwayne Johnson? Wtf?,neutral,ardisa
Batuhan Erbil,I mean in 1:30 how did Dom just flied and hit his head to the ceiling I cant understand is this the new Paranormal Activity movie,negative,ardisa
Fidelia Amanda,i wish Paul could survived on an accident car like han does,neutral,ardisa
Iketani Koichiro,If Paul was still alive he wouldve changed the movies purpose back into cars,neutral,ardisa
Doctor Sam,Fast 10: Your grandfather Vince Mcmahon is back to kill you Dom. Fast 11: Your uncle HHH is back Dom. Fast 12: Your dad Shawn Michaels is getting his hands on nuclear weapons Dom. Fast 13: Your prom dates brother AJ Styles coming for you Dom,neutral,ardisa
Neon,When i call my friends and my lil brother call his friends.,neutral,ardisa
Jetfire97,2:35 rip Hans car,neutral,ardisa
SILENT D. A.,Sean from Tokyo Drift is in this. Slow the video down and watch when the “rocket strapped to a Pontiac fiaro “clip is playing,neutral,ardisa
awsome,Fast and the furious 1 - 3 about cars with some background on the characters. 4-9 pure hype trash with basically nothing about cars.,neutral,ardisa
Saurav Samal,Stephen Hawkins just rolled in his grave witnessing the physics here,negative,ardisa
Jason Gann,Family is everything thats why in the past 8 movies when his life was on the line no one & I mean no one ever mentioned doms brother. ??x100k,negative,ardisa
virgilio moncada,So now that Han is back can we have a second Tokyo drift? This time with Eurobeat please.,positive,ardisa
Wreck Pw,Fast 10: Superpowers basically Director: We not gonna stop until this crew beats Galactus with the Avengers,negative,ardisa
supercar playz,John cena the invisible assassin PLOT TWIST: Hes not their.,negative,ardisa
I Slay Goblins,FF6: You dont turn your back on Family even when they do. FF9: Were gonna fight Doms little brother.,neutral,ardisa
The Fox,i always interested to have a look all those supreme editors.,positive,ardisa
Hero Nerd,Dom: Im gonna take you down little brother. Jacob: how can you take down what you cant see?,neutral,ardisa
??????Al laklak,Who is here because its the only movie trailer on trendending in quarentine,negative,ardisa
InZomnia365,Tell me youre not thinking what Im thinking. Classic.,neutral,ardisa
JaysonCreates,The infinity stones really did bring everyone back,neutral,ardisa
Chris,Fast and furious 10: The last ride Fast and furious 11: The final last ride Fast and furious 12: The final last ride - part 2 Fast and furious 13: The new ride,neutral,ardisa
mr burnik,"Next chapter : Hitler joins the crew its now ""FAST NEIN""",neutral,ardisa
Marko T.,Fast Furious 20- Toreto find out that he is his own father...,neutral,ardisa
syed nazzim,In the post-credit scene Nick fury hires Vin diesel for an avenger.,neutral,ardisa
Cherry Stone,I remember when it was about Street Racing and stealing DVD players lol,neutral,ardisa
Josh Juarez,"Dom- ""Family is everything"" Whole movie Tries to kill his brother.",neutral,ardisa
TraceFit By Kundai Murapa,This trailer apparently has Doms brother but i cant see him.,neutral,ardisa
nachi316,Sir Issac Newton: “How many laws of physics are you gonna defy?” Justin Lin: “Yes”.,neutral,ardisa
john wick,Han the type of guy to survive even corona virus.,neutral,ardisa
tommy d,Best supporting actor: Hans potato chips,neutral,ardisa
A O,Remember when F&F was about cars and racing... SMH,negative,ardisa
Benton Xavier,Please tell me thats not a Pontiac Fiero strapped to a rocket engine Two films later...,negative,ardisa
Dávid Nagy,This is absurd really....still gonna pay for it.,negative,ardisa
Arfeen Rahat,Forget the trailerI came here to read comments????,negative,ardisa
I Slay Goblins,FF6: You dont turn your back on Family even when they do. FF9: Were gonna fight Doms little brother.,neutral,ardisa
samira noor,furious 10 - the resurrection of gisele furious 11 - brian: surprise surprisee,neutral,ardisa
420BlazeiT 01,Dom being chased by a whole army shooting at him constantly while blowing nukes behind him and going 120mph on a mountain Doms Face: ·___·,neutral,ardisa
IDoNothingButCommentOnVideos,Fast And Furious 10: Doms Hair Is Back To Kill Him,neutral,ardisa
IRHasDiabetes911,"The Fast and the Furious: ""Well be making movies forever!"" Coronavirus: ""You have to be stopped.""",negative,ardisa
SHSHOX !,The villain is going to be hard to defeat especially when you cant see him,neutral,ardisa
Fidelia Amanda,i wish Paul could survived on an accident car like han does,neutral,ardisa
Iketani Koichiro,If Paul was still alive he wouldve changed the movies purpose back into cars,neutral,ardisa
Batuhan Erbil,I mean in 1:30 how did Dom just flied and hit his head to the ceiling I cant understand is this the new Paranormal Activity movie,negative,ardisa
virgilio moncada,So now that Han is back can we have a second Tokyo drift? This time with Eurobeat please.,positive,ardisa
,John Cena is Doms brother Me: Ye Im probably not gonna see this thats just horrible.. Han is back from the dead Me: On second thought...,neutral,ardisa
Wreck Pw,Fast 10: Superpowers basically Director: We not gonna stop until this crew beats Galactus with the Avengers,negative,ardisa
Sandu SG,Where is Jason Statham where is Dwayne Johnson? Wtf?,neutral,ardisa
Jetfire97,2:35 rip Hans car,neutral,ardisa
??????Al laklak,Who is here because its the only movie trailer on trendending in quarentine,negative,ardisa
Saurav Samal,Stephen Hawkins just rolled in his grave witnessing the physics here,negative,ardisa
SILENT D. A.,Sean from Tokyo Drift is in this. Slow the video down and watch when the “rocket strapped to a Pontiac fiaro “clip is playing,neutral,ardisa
awsome,Fast and the furious 1 - 3 about cars with some background on the characters. 4-9 pure hype trash with basically nothing about cars.,negative,ardisa
supercar playz,John cena the invisible assassin PLOT TWIST: Hes not their.,negative,ardisa
tudor patrascu,F&F 10:Dom learns that Letty is his sister,neutral,ardisa
Eddie Cardwell,FF23 - “Being a Grandpa doesnt mean you put the keys down and retire from the wheel. Living your life a quarter of a mile at a time is eternal. Now my Grandson wants to take over the world and I must stop him.”,neutral,ardisa
tonymontana1231,Imagine if they brind back Paul after huge conspiracy.,neutral,ardisa
Hero Nerd,Dom: Im gonna take you down little brother. Jacob: how can you take down what you cant see?,neutral,ardisa
Adam Vilímek,Plot twis john cena is at all fas and furious,negative,ardisa
Hans Daniel,This enemy is very difficult to defeat because we cannot see him,neutral,ardisa
SHSHOX !,The villain is going to be hard to defeat especially when you cant see him,neutral,ardisa
Marko T.,Fast Furious 20- Toreto find out that he is his own father...,neutral,ardisa
syed nazzim,In the post-credit scene Nick fury hires Vin diesel for an avenger.,neutral,ardisa
Chris,Fast and furious 10: The last ride Fast and furious 11: The final last ride Fast and furious 12: The final last ride - part 2 Fast and furious 13: The new ride,neutral,ardisa
mr burnik,"Next chapter : Hitler joins the crew its now ""FAST NEIN""",neutral,ardisa
JaysonCreates,The infinity stones really did bring everyone back,neutral,ardisa
TraceFit By Kundai Murapa,This trailer apparently has Doms brother but i cant see him.,neutral,ardisa
A O,Remember when F&F was about cars and racing... SMH,negative,ardisa
Josh Juarez,"Dom- ""Family is everything"" Whole movie Tries to kill his brother.",neutral,ardisa
samira noor,furious 10 - the resurrection of gisele furious 11 - brian: surprise surprisee,neutral,ardisa
Ill slap ya mum with an Argos catalogue,Dom: Family is the most important thing in the world Also dom: did I forget to mention my brother these past 20 years.,neutral,ardisa
nachi316,Sir Issac Newton: “How many laws of physics are you gonna defy?” Justin Lin: “Yes”.,neutral,ardisa
Dávid Nagy,This is absurd really....still gonna pay for it.,negative,ardisa
john wick,Han the type of guy to survive even corona virus.,neutral,ardisa
Benton Xavier,Please tell me thats not a Pontiac Fiero strapped to a rocket engine Two films later...,negative,ardisa
milan dhara,Doms brother was here since F&F you just...,neutral,ardisa
IDoNothingButCommentOnVideos,Fast And Furious 10: Doms Hair Is Back To Kill Him,neutral,ardisa
Arfeen Rahat,Forget the trailerI came here to read comments????,negative,ardisa
IRHasDiabetes911,"The Fast and the Furious: ""Well be making movies forever!"" Coronavirus: ""You have to be stopped.""",negative,ardisa
420BlazeiT 01,Dom being chased by a whole army shooting at him constantly while blowing nukes behind him and going 120mph on a mountain Doms Face: ·___·,neutral,ardisa
Cherry Stone,I remember when it was about Street Racing and stealing DVD players lol,neutral,ardisa
Sandu SG,Where is Jason Statham where is Dwayne Johnson? Wtf?,neutral,ardisa
Batuhan Erbil,I mean in 1:30 how did Dom just flied and hit his head to the ceiling I cant understand is this the new Paranormal Activity movie,negative,ardisa
Fidelia Amanda,i wish Paul could survived on an accident car like han does,neutral,ardisa
Iketani Koichiro,If Paul was still alive he wouldve changed the movies purpose back into cars,neutral,ardisa
Doctor Sam,Fast 10: Your grandfather Vince Mcmahon is back to kill you Dom. Fast 11: Your uncle HHH is back Dom. Fast 12: Your dad Shawn Michaels is getting his hands on nuclear weapons Dom. Fast 13: Your prom dates brother AJ Styles coming for you Dom,neutral,ardisa
Neon,When i call my friends and my lil brother call his friends.,neutral,ardisa
Jetfire97,2:35 rip Hans car,neutral,ardisa
SILENT D. A.,Sean from Tokyo Drift is in this. Slow the video down and watch when the “rocket strapped to a Pontiac fiaro “clip is playing,neutral,ardisa
awsome,Fast and the furious 1 - 3 about cars with some background on the characters. 4-9 pure hype trash with basically nothing about cars.,negative,ardisa
Saurav Samal,Stephen Hawkins just rolled in his grave witnessing the physics here,negative,ardisa
Jason Gann,Family is everything thats why in the past 8 movies when his life was on the line no one & I mean no one ever mentioned doms brother. ??x100k,negative,ardisa
virgilio moncada,So now that Han is back can we have a second Tokyo drift? This time with Eurobeat please.,positive,ardisa
Wreck Pw,Fast 10: Superpowers basically Director: We not gonna stop until this crew beats Galactus with the Avengers,negative,ardisa
supercar playz,John cena the invisible assassin PLOT TWIST: Hes not their.,negative,ardisa
I Slay Goblins,FF6: You dont turn your back on Family even when they do. FF9: Were gonna fight Doms little brother.,neutral,ardisa
The Fox,i always interested to have a look all those supreme editors.,positive,ardisa
Hero Nerd,Dom: Im gonna take you down little brother. Jacob: how can you take down what you cant see?,neutral,ardisa
??????Al laklak,Who is here because its the only movie trailer on trendending in quarentine,negative,ardisa
InZomnia365,Tell me youre not thinking what Im thinking. Classic.,neutral,ardisa